{"type": "block", "layer": 0, "block": 0, "features": [{"geom": {"pts": [[-11243.604693822796, -3818.39022518415, 1500.0]], "w": 537.0, "d": 537.0, "h": 600.0}, "mtl": 0}, {"geom": {"pts": [[-9680.465963153518, -1682.100626602769, 1500.0]], "w": 537.0, "d": 537.0, "h": 600.0}, "mtl": 1}, {"geom": {"pts": [[-7856.804110705969, -3818.39022518415, 4500.0]], "w": 537.0, "d": 537.0, "h": 600.0}, "mtl": 2}, {"geom": {"pts": [[-3175.342734661652, -2709.1608525700867, 7500.0]], "w": 537.0, "d": 537.0, "h": 600.0}, "mtl": 3}], "featureCount": 4, "startIndex": 0}