{"type": "block", "layer": 1, "block": 0, "features": [{"geom": {"triangles": {"v": [-12336.888668913627, -497.10268526896834, 1499.9999999999882, -377.70116891362704, -5057.602685268968, 1499.9999999999882, -377.70116891362704, -497.10268526896834, 1499.9999999999882, -12336.888668913627, -5057.602685268968, 1499.9999999999882], "f": [0, 1, 2, 0, 3, 1]}, "centroids": [[-6357.301969350083, -2777.4188650688156, 1499.9999999999882]]}, "mtl": 0}, {"geom": {"triangles": {"v": [-12336.826168913627, -497.10268526896834, 4499.999999999988, -377.63866891362704, -5057.602685268968, 4499.999999999988, -377.63866891362704, -497.10268526896834, 4499.999999999988, -12336.826168913627, -5057.602685268968, 4499.999999999988], "f": [0, 1, 2, 0, 3, 1]}, "centroids": [[-6357.254740489996, -2777.466093928553, 4499.999999999988]]}, "mtl": 0}, {"geom": {"triangles": {"v": [-12336.826168913627, -498.10268526896834, 7499.999999999988, -377.63866891362704, -5058.602685268968, 7499.999999999988, -377.63866891362704, -498.10268526896834, 7499.999999999988, -12336.826168913627, -5058.602685268968, 7499.999999999988], "f": [0, 1, 2, 0, 3, 1]}, "centroids": [[-6357.207511630026, -2778.2723578158766, 7499.999999999988]]}, "mtl": 0}], "featureCount": 3, "startIndex": 0}